"Id";"Designator";"Package";"Quantity";"Designation";"Supplier and ref";
1;"C15";"C_0402_1005Metric";1;"4.7u";;;
2;"C11";"C_0402_1005Metric";1;"10n";;;
3;"D1";"LED_0603_1608Metric";1;"BLUE_LED";;;
4;"C2,C18,C14,C3,C16,C6";"C_0402_1005Metric";6;"1u";;;
5;"U5";"SOT-23-6";1;"USBLC6-2SC6";;;
6;"C5,C17,C1,C4";"C_0402_1005Metric";4;"10u";;;
7;"L1,L2,L3,L5,L4,L6";"COIL_GENERATOR_0";6;"PCB_COIL";;;
8;"R3,R7,R6,R4,R5,R2";"R_0402_1005Metric";6;"5.1k";;;
9;"U3";"TSSOP-20_4.4x6.5mm_P0.65mm";1;"STM32F042F4P6";;;
10;"U4";"WSON-12-1EP_4x4mm_P0.5mm_EP2.6x3mm_ThermalVias";1;"LDC1612";;;
11;"U1";"SOT-23-5";1;"AP2112K-3.3";;;
12;"J1";"PinHeader_1x06_P2.54mm_Vertical";1;"DBG_HDR";;;
13;"R8";"R_0402_1005Metric";1;"1M";;;
14;"C12,C13,C21";"C_0402_1005Metric";3;"100n";;;
15;"C8,C20,C10,C7,C19,C9";"C_0402_1005Metric";6;"2n";;;
16;"R1";"R_0603_1608Metric";1;"50";;;
17;"J2";"USB_C_Receptacle_GCT_USB4085";1;"USB_C_Receptacle_USB2.0";;;
18;"U2";"WQFN-16-1EP_4x4mm_P0.5mm_EP2.6x2.6mm_ThermalVias";1;"LDC1614";;;
19;"SW1";"SW_SPST_TL3305A";1;"SW_Push";;;
