"Id";"Designator";"Package";"Quantity";"Designation";"Supplier and ref";
1;"J3";"PinSocket_2x02_P2.54mm_Horizontal";1;"EXP_HDR";;;
2;"C15";"C_0402_1005Metric";1;"4.7u";;;
3;"C11,C22";"C_0402_1005Metric";2;"10n";;;
4;"D1";"LED_0603_1608Metric";1;"BLUE_LED";;;
5;"X1";"Oscillator_SMD_Abracon_ASV-4Pin_7.0x5.1mm";1;"ASV-40.000MHz";;;
6;"C2,C18,C14,C3,C16,C6";"C_0402_1005Metric";6;"1u";;;
7;"U5";"SOT-23-6";1;"USBLC6-2SC6";;;
8;"C5,C17,C1,C4";"C_0402_1005Metric";4;"10u";;;
9;"L1,L2,L3,L5,L4,L6";"COIL_GENERATOR_0";6;"PCB_COIL";;;
10;"R3,R7,R6,R4,R5,R2";"R_0402_1005Metric";6;"5.1k";;;
11;"U4";"WSON-12-1EP_4x4mm_P0.5mm_EP2.6x3mm_ThermalVias";1;"LDC1612";;;
12;"U1";"SOT-23-5";1;"AP2112K-3.3";;;
13;"U3";"TSSOP-20_4.4x6.5mm_P0.65mm";1;"STM32F042F6P6";;;
14;"J1";"PinHeader_1x06_P2.54mm_Vertical";1;"DBG_HDR";;;
15;"R8";"R_0402_1005Metric";1;"1M";;;
16;"C12,C13,C21";"C_0402_1005Metric";3;"100n";;;
17;"C8,C20,C10,C7,C19,C9";"C_0402_1005Metric";6;"1n";;;
18;"R1";"R_0603_1608Metric";1;"200";;;
19;"J2";"USB_C_Receptacle_GCT_USB4085";1;"USB_C_Receptacle_USB2.0";;;
20;"U2";"WQFN-16-1EP_4x4mm_P0.5mm_EP2.6x2.6mm_ThermalVias";1;"LDC1614";;;
21;"SW1";"SW_SPST_TL3305A";1;"SW_Push";;;
